image_path,folder_label,caption
images/New York_urls/image_193.jpg,New York_urls,a city street with buildings and a few cars
images/New York_urls/image_187.jpg,New York_urls,"new york, new york, new york, new york, manhattan, manhattan, manhattan, manhattan, manhattan, manhattan, manhattan, manhattan, manhattan, manhattan, manhattan, manhattan, manhattan, manhattan, manhattan"
images/New York_urls/image_178.jpg,New York_urls,the new york times square
images/New York_urls/image_150.jpg,New York_urls,a flag flying over the water
images/New York_urls/image_144.jpg,New York_urls,the view from the top of the rockefeller rockefeller rockefeller rockefeller rockefeller rockefeller rockefeller rockefeller rockefeller rockefeller rockefeller rockefeller rockefeller rockefeller
images/New York_urls/image_15.jpg,New York_urls,a boat is traveling across the water
images/New York_urls/image_29.jpg,New York_urls,"the empire building in new york, new york, ny"
images/New York_urls/image_28.jpg,New York_urls,the new york skyline with the new york skyline in the background
images/New York_urls/image_14.jpg,New York_urls,the brooklyn bridge is shown in this image
images/New York_urls/image_145.jpg,New York_urls,the city skyline at night
images/New York_urls/image_151.jpg,New York_urls,a city skyline with a cloudy sky
images/New York_urls/image_179.jpg,New York_urls,a view of the empire building from the top of the empire building
images/New York_urls/image_186.jpg,New York_urls,a factory with workers working on machines
images/New York_urls/image_192.jpg,New York_urls,the new york skyline at sunset
images/New York_urls/image_184.jpg,New York_urls,a street with cars and trees in the middle
images/New York_urls/image_190.jpg,New York_urls,the new york skyline
images/New York_urls/image_147.jpg,New York_urls,"the empire building in new york, new york"
images/New York_urls/image_153.jpg,New York_urls,a large body of water
images/New York_urls/image_16.jpg,New York_urls,the city at night
images/New York_urls/image_17.jpg,New York_urls,the new york skyline
images/New York_urls/image_152.jpg,New York_urls,the new york
images/New York_urls/image_146.jpg,New York_urls,a city skyline with a sunset in the background
images/New York_urls/image_191.jpg,New York_urls,the corner of a street in tokyo
images/New York_urls/image_185.jpg,New York_urls,the skyline of new york
images/New York_urls/image_181.jpg,New York_urls,the new york skyline at night
images/New York_urls/image_195.jpg,New York_urls,the city skyline at night
images/New York_urls/image_142.jpg,New York_urls,times square new york
images/New York_urls/image_156.jpg,New York_urls,a large body of water
images/New York_urls/image_13.jpg,New York_urls,the brooklyn skyline
images/New York_urls/image_12.jpg,New York_urls,a crowd of people walking down a busy street
images/New York_urls/image_157.jpg,New York_urls,the city skyline at night
images/New York_urls/image_143.jpg,New York_urls,"new york, new york, new york, new york, new york, new york, new york, new york, new york, new"
images/New York_urls/image_194.jpg,New York_urls,a street with a lot of buildings
images/New York_urls/image_180.jpg,New York_urls,statue of liberty with american flag
images/New York_urls/image_196.jpg,New York_urls,a city street with cars and buildings
images/New York_urls/image_182.jpg,New York_urls,a city street
images/New York_urls/image_155.jpg,New York_urls,a crosswalk in a city
images/New York_urls/image_141.jpg,New York_urls,a city street with cars and buildings
images/New York_urls/image_169.jpg,New York_urls,"new york, new york, new york, new york, new york, new york, new york, new york, new york, york"
images/New York_urls/image_38.jpg,New York_urls,a city skyline at night
images/New York_urls/image_10.jpg,New York_urls,the city of new york
images/New York_urls/image_11.jpg,New York_urls,"the chrysler building in new york, ny"
images/New York_urls/image_39.jpg,New York_urls,people walking across the street in front of the rockefeller rockefeller
images/New York_urls/image_168.jpg,New York_urls,a cathedral in the middle of a city
images/New York_urls/image_140.jpg,New York_urls,the view of new york from the air
images/New York_urls/image_154.jpg,New York_urls,"the empire building in new york, new york, ny"
images/New York_urls/image_183.jpg,New York_urls,times square new york
images/New York_urls/image_197.jpg,New York_urls,a city with a lot of buildings
images/New York_urls/image_133.jpg,New York_urls,a wooden walkway leading to the city skyline
images/New York_urls/image_127.jpg,New York_urls,a pond in a city
images/New York_urls/image_76.jpg,New York_urls,"aerial view of manhattan, new york, new york, new york, new york, new york, new york, new york, new york"
images/New York_urls/image_62.jpg,New York_urls,people relaxing in central park
images/New York_urls/image_89.jpg,New York_urls,a city with a lot of cherry trees
images/New York_urls/image_88.jpg,New York_urls,a street with buildings and a red bus
images/New York_urls/image_63.jpg,New York_urls,a large garden with angel statues and lights
images/New York_urls/image_77.jpg,New York_urls,a busy city street
images/New York_urls/image_126.jpg,New York_urls,a city skyline
images/New York_urls/image_132.jpg,New York_urls,people sitting on the ground in times square
images/New York_urls/image_118.jpg,New York_urls,new york skyline at sunset
images/New York_urls/image_124.jpg,New York_urls,a group of people walking down a street
images/New York_urls/image_130.jpg,New York_urls,a view of the city skyline from the water
images/New York_urls/image_61.jpg,New York_urls,a statue of liberty in front of the new york skyline
images/New York_urls/image_75.jpg,New York_urls,a busy city street
images/New York_urls/image_8.jpg,New York_urls,"the central park in new york, new york, ny"
images/New York_urls/image_49.jpg,New York_urls,the brooklyn bridge
images/New York_urls/image_48.jpg,New York_urls,"new york, new york, new york, new york, new york, new york, new york, new york, new york, new"
images/New York_urls/image_9.jpg,New York_urls,a map of new york
images/New York_urls/image_74.jpg,New York_urls,a large body of water
images/New York_urls/image_60.jpg,New York_urls,a map of hong
images/New York_urls/image_131.jpg,New York_urls,an aerial view of the new york skyline
images/New York_urls/image_125.jpg,New York_urls,the city skyline at night
images/New York_urls/image_119.jpg,New York_urls,"the statue of liberty in new york, ny"
images/New York_urls/image_121.jpg,New York_urls,"the central park in new york, new york, ny"
images/New York_urls/image_135.jpg,New York_urls,"the city skyline of new york, new york, new york, new york, new york, new york, new york, new york, new york, new york, new york, ny, ny, ny, usa"
images/New York_urls/image_109.jpg,New York_urls,"statue of liberty, new york, ny"
images/New York_urls/image_58.jpg,New York_urls,a grassy field
images/New York_urls/image_64.jpg,New York_urls,a group of people sitting at tables in a park
images/New York_urls/image_70.jpg,New York_urls,a view of the city from the top of a building
images/New York_urls/image_71.jpg,New York_urls,a street with a red crosswalk sign on it
images/New York_urls/image_65.jpg,New York_urls,a street in the city with buildings and buildings
images/New York_urls/image_59.jpg,New York_urls,a man and woman are standing in front of a statue of liberty
images/New York_urls/image_108.jpg,New York_urls,the brooklyn bridge and the manhattan skyline
images/New York_urls/image_134.jpg,New York_urls,the view of the city from the top of the building
images/New York_urls/image_120.jpg,New York_urls,the view from the top of the empire building
images/New York_urls/image_136.jpg,New York_urls,times square new york
images/New York_urls/image_122.jpg,New York_urls,the city skyline at sunset
images/New York_urls/image_73.jpg,New York_urls,the new york skyline at night
images/New York_urls/image_67.jpg,New York_urls,the street in downtown with people walking and walking on it
images/New York_urls/image_98.jpg,New York_urls,the skyline of new york
images/New York_urls/image_99.jpg,New York_urls,a busy city street
images/New York_urls/image_66.jpg,New York_urls,the dark knight movie poster
images/New York_urls/image_72.jpg,New York_urls,statue of liberty and the statue of liberty
images/New York_urls/image_123.jpg,New York_urls,new york skyline at sunset
images/New York_urls/image_137.jpg,New York_urls,a col of photos of the city skyline
images/New York_urls/image_112.jpg,New York_urls,a large billboard on the street
images/New York_urls/image_106.jpg,New York_urls,the view from the top of the empire building
images/New York_urls/image_57.jpg,New York_urls,"the skyline of new york, new york, and the lower manhattan"
images/New York_urls/image_2.jpg,New York_urls,the city skyline at night
images/New York_urls/image_43.jpg,New York_urls,a view of the city
images/New York_urls/image_94.jpg,New York_urls,a city skyline with a yellow sky background
images/New York_urls/image_80.jpg,New York_urls,"the statue of liberty in new york, new york"
images/New York_urls/image_81.jpg,New York_urls,the view from the top of the sha shai tower in the city of london
images/New York_urls/image_95.jpg,New York_urls,brooklyn bridge at night
images/New York_urls/image_42.jpg,New York_urls,the statue of liberty and the new york skyline
images/New York_urls/image_56.jpg,New York_urls,a map of the united states and new york
images/New York_urls/image_3.jpg,New York_urls,new york skyline new york skyline new york skyline new york skyline new york skyline new york skyline new york skyline
images/New York_urls/image_107.jpg,New York_urls,a person walking down the street in front of a building
images/New York_urls/image_113.jpg,New York_urls,a view of a city from a high altitude
images/New York_urls/image_139.jpg,New York_urls,"the skyline of new york, new york, ny"
images/New York_urls/image_105.jpg,New York_urls,a body of water
images/New York_urls/image_111.jpg,New York_urls,a rainbow over the city
images/New York_urls/image_40.jpg,New York_urls,a group of people walking across a bridge
images/New York_urls/image_1.jpg,New York_urls,"times square in new york, new york, ny"
images/New York_urls/image_54.jpg,New York_urls,the new york stock exchange
images/New York_urls/image_68.jpg,New York_urls,"the statue of liberty in new york, new york, new york, new york, new york, new york, new york, new york"
images/New York_urls/image_83.jpg,New York_urls,"the statue of liberty in new york, new york, ny"
images/New York_urls/image_97.jpg,New York_urls,a city street
images/New York_urls/image_96.jpg,New York_urls,a city street with tall buildings
images/New York_urls/image_82.jpg,New York_urls,a large christmas tree
images/New York_urls/image_69.jpg,New York_urls,a col of pictures of the city of new york
images/New York_urls/image_0.jpg,New York_urls,a street scene with a bus and people
images/New York_urls/image_55.jpg,New York_urls,the statue of liberty
images/New York_urls/image_41.jpg,New York_urls,a large white building
images/New York_urls/image_110.jpg,New York_urls,a large body of water
images/New York_urls/image_104.jpg,New York_urls,"the empire building in new york, ny"
images/New York_urls/image_138.jpg,New York_urls,a body of water
images/New York_urls/image_100.jpg,New York_urls,a street with cars and people walking on it
images/New York_urls/image_114.jpg,New York_urls,new york skyline at sunset
images/New York_urls/image_128.jpg,New York_urls,a city skyline
images/New York_urls/image_79.jpg,New York_urls,a city with tall buildings
images/New York_urls/image_45.jpg,New York_urls,a col of the brooklyn bridge and the brooklyn skyline
images/New York_urls/image_51.jpg,New York_urls,a view of the city from a high rise apartment
images/New York_urls/image_4.jpg,New York_urls,"the statue of liberty in new york, ny"
images/New York_urls/image_86.jpg,New York_urls,a view of the city skyline from the water
images/New York_urls/image_92.jpg,New York_urls,"aerial view of the city of new york, new york, new york, new york, new york, new york, new york, new"
images/New York_urls/image_93.jpg,New York_urls,a city skyline
images/New York_urls/image_87.jpg,New York_urls,a city street with cars and buildings
images/New York_urls/image_50.jpg,New York_urls,a city street with cars and people crossing
images/New York_urls/image_5.jpg,New York_urls,"the cover of the book, the city of new york"
images/New York_urls/image_44.jpg,New York_urls,a view of a city
images/New York_urls/image_101.png,New York_urls,a logo for the company
images/New York_urls/image_78.jpg,New York_urls,a person sitting on a ledge overlooking the city
images/New York_urls/image_129.jpg,New York_urls,the sydney skyline at night
images/New York_urls/image_115.jpg,New York_urls,the view from the top of the rockefeller rockefeller rockefeller rockefeller rockefeller rockefeller rockefeller rockefeller rockefeller rockefeller rockefeller rockefeller rockefeller rockefeller
images/New York_urls/image_117.jpg,New York_urls,a bridge over a river
images/New York_urls/image_103.jpg,New York_urls,"times square, new york"
images/New York_urls/image_7.jpg,New York_urls,the city skyline at night
images/New York_urls/image_52.jpg,New York_urls,new york - new york
images/New York_urls/image_46.jpg,New York_urls,a group of people crossing a street
images/New York_urls/image_91.jpg,New York_urls,a crowd of people walking through a busy city
images/New York_urls/image_85.jpg,New York_urls,"the empire building in new york, new york, new york, new york, new york, new york, new york, new york, new york, ny, ny, ny, ny, usa"
images/New York_urls/image_84.jpg,New York_urls,a city with many buildings and trees
images/New York_urls/image_90.jpg,New York_urls,a view of the city from the top of a building
images/New York_urls/image_47.jpg,New York_urls,"central park, new york"
images/New York_urls/image_6.jpg,New York_urls,a city with lots of buildings and a clock
images/New York_urls/image_53.jpg,New York_urls,"new york, new york, new york, new york, new york, new york, new york, new york, new york, new"
images/New York_urls/image_102.jpg,New York_urls,the city skyline at night
images/New York_urls/image_116.jpg,New York_urls,a bridge over a river
images/New York_urls/image_159.jpg,New York_urls,a city skyline with tall buildings
images/New York_urls/image_171.jpg,New York_urls,the statue of liberty
images/New York_urls/image_165.jpg,New York_urls,a park with flowers and trees in the fore
images/New York_urls/image_34.jpg,New York_urls,the city of new york at night
images/New York_urls/image_20.jpg,New York_urls,a street with cars parked on it
images/New York_urls/image_21.jpg,New York_urls,the city skyline at night
images/New York_urls/image_35.jpg,New York_urls,"the city skyline of new york, new york, new york, new york, new york, new york, new york, new york, new york, new york, ny, ny, usa"
images/New York_urls/image_164.jpg,New York_urls,the manhattan skyline at night
images/New York_urls/image_170.jpg,New York_urls,a city skyline at night
images/New York_urls/image_158.jpg,New York_urls,the city skyline at night
images/New York_urls/image_199.jpg,New York_urls,the view from the top of the empire building in central park
images/New York_urls/image_166.jpg,New York_urls,a city skyline at night
images/New York_urls/image_172.jpg,New York_urls,a city skyline
images/New York_urls/image_23.jpg,New York_urls,a city with tall buildings
images/New York_urls/image_37.jpg,New York_urls,a river surrounded by trees
images/New York_urls/image_198.png,New York_urls,the flag of the netherlands
images/New York_urls/image_36.jpg,New York_urls,the city skyline at night
images/New York_urls/image_22.jpg,New York_urls,a city street with buildings and cars
images/New York_urls/image_173.jpg,New York_urls,a city skyline with a bridge over the water
images/New York_urls/image_167.jpg,New York_urls,a large building
images/New York_urls/image_188.jpg,New York_urls,the view of central park from the top of the hill
images/New York_urls/image_163.jpg,New York_urls,"new york skyline, new york, new york, new york, new york, new york, new york, new york, new york, new york, new york, new york, new york, new york, new york, new york, york"
images/New York_urls/image_177.jpg,New York_urls,a lake with trees and buildings in the background
images/New York_urls/image_26.jpg,New York_urls,the city skyline at dusk with a large sculpture in the fore
images/New York_urls/image_32.jpg,New York_urls,"the empire building in new york, new york, ny"
images/New York_urls/image_33.jpg,New York_urls,a street with cars and people walking on it
images/New York_urls/image_27.jpg,New York_urls,a bridge over a river
images/New York_urls/image_176.jpg,New York_urls,a view of the city from a high rise
images/New York_urls/image_162.jpg,New York_urls,"new york, new york, new york, new york, new york, new york, new york, new york, new york, york"
images/New York_urls/image_189.jpg,New York_urls,times square taxi cab
images/New York_urls/image_174.jpg,New York_urls,a view of the city of london
images/New York_urls/image_160.jpg,New York_urls,a large body of water
images/New York_urls/image_148.jpg,New York_urls,a city skyline
images/New York_urls/image_19.jpg,New York_urls,a city skyline at night
images/New York_urls/image_31.jpg,New York_urls,the city skyline
images/New York_urls/image_25.jpg,New York_urls,new york city map
images/New York_urls/image_24.jpg,New York_urls,the statue of liberty
images/New York_urls/image_30.jpg,New York_urls,a park with a lot of trees and buildings
images/New York_urls/image_18.jpg,New York_urls,a city street with people walking and cars
images/New York_urls/image_149.jpg,New York_urls,a city street with cars and buildings
images/New York_urls/image_161.jpg,New York_urls,a city skyline at night
images/New York_urls/image_175.jpg,New York_urls,times square new york
images/Ho Chi Minh City_urls/image_193.jpg,Ho Chi Minh City_urls,nighttime view of a city skyline with a body of water in the foreground and a body of water in the foreground
images/Ho Chi Minh City_urls/image_187.jpg,Ho Chi Minh City_urls,there is a clock tower on the side of a building in the middle of a street with cars parked in front of it
images/Ho Chi Minh City_urls/image_178.jpg,Ho Chi Minh City_urls,"sunset over the city of ho chi minh, ho chi minh, ho chi minh, ho chi minh, ho chi minh, ho chi minh, ho chi minh, ho minh, ho minh, ho chi minh, ho chi minh, ho minh, ho chi minh, ho chi minh, ho chi minh, ho minh, ho chi minh, ho"
images/Ho Chi Minh City_urls/image_150.jpg,Ho Chi Minh City_urls,night time view of a city with a lot of traffic and a lot of tall buildings in the background
images/Ho Chi Minh City_urls/image_144.jpg,Ho Chi Minh City_urls,night time view of a rooftop bar with red stools and a cityscape in the background
images/Ho Chi Minh City_urls/image_15.jpg,Ho Chi Minh City_urls,there is a group of people that are posing for a picture in the middle of a city street
images/Ho Chi Minh City_urls/image_29.jpg,Ho Chi Minh City_urls,"this is a picture of a picture of a map of the country of new york, with a city in the background"
images/Ho Chi Minh City_urls/image_28.jpg,Ho Chi Minh City_urls,there are a lot of boats that are in the water near a bridge and a city in the background
images/Ho Chi Minh City_urls/image_14.jpg,Ho Chi Minh City_urls,map of the city of ho chi minhh city tourist map with many places to see and where to go
images/Ho Chi Minh City_urls/image_145.jpg,Ho Chi Minh City_urls,this is an image of a man and a woman posing for a picture in front of a building
images/Ho Chi Minh City_urls/image_151.jpg,Ho Chi Minh City_urls,"collage of photos of a city with a church, a clock tower, and a clock tower"
images/Ho Chi Minh City_urls/image_179.jpg,Ho Chi Minh City_urls,there is a statue of a man in front of a building with a red flag on top of it
images/Ho Chi Minh City_urls/image_186.jpg,Ho Chi Minh City_urls,there are many palm trees in front of a building with a clock tower on the top of the building
images/Ho Chi Minh City_urls/image_192.jpg,Ho Chi Minh City_urls,there is a large building with a flag on top of it in the middle of a green field
images/Ho Chi Minh City_urls/image_184.jpg,Ho Chi Minh City_urls,there is a view of a river and a city from a bridge in the middle of the day
images/Ho Chi Minh City_urls/image_190.jpg,Ho Chi Minh City_urls,an aerial view of a city skyline at dusk with a bridge over a river in the foreground and a bridge in the foreground
images/Ho Chi Minh City_urls/image_147.jpg,Ho Chi Minh City_urls,aerial view of a city at night with a river running through the middle of the city and a bridge in the middle of the city
images/Ho Chi Minh City_urls/image_153.jpg,Ho Chi Minh City_urls,an aerial view of a city with a lot of buildings and a body of water in the foreground
images/Ho Chi Minh City_urls/image_16.jpg,Ho Chi Minh City_urls,aerial view of a large city with a river running through it and a tall building in the middle of the city
images/Ho Chi Minh City_urls/image_17.jpg,Ho Chi Minh City_urls,"there are many people riding motorcycles down this street in ho chi minh city, district 1, vietnam"
images/Ho Chi Minh City_urls/image_152.jpg,Ho Chi Minh City_urls,there is a view of a city from a bird ' s - eye view of a park and a river
images/Ho Chi Minh City_urls/image_146.jpg,Ho Chi Minh City_urls,there is a train that is going over a bridge with a cityscape in the back ground
images/Ho Chi Minh City_urls/image_191.jpg,Ho Chi Minh City_urls,there is a statue in the middle of a square in front of a church with a clock tower
images/Ho Chi Minh City_urls/image_185.jpg,Ho Chi Minh City_urls,aerial view of a city with a lot of tall buildings and a lot of people on the street
images/Ho Chi Minh City_urls/image_181.jpg,Ho Chi Minh City_urls,there are many people that are walking down the street in the city at night and one person is sitting on a bench
images/Ho Chi Minh City_urls/image_195.jpg,Ho Chi Minh City_urls,"this is a map of the city of richmond, virginia with the counties highlighted in blue and yellow"
images/Ho Chi Minh City_urls/image_142.jpg,Ho Chi Minh City_urls,vector illustration of a city skyline with a plane flying over it and the words vietnam on the side of it
images/Ho Chi Minh City_urls/image_156.jpg,Ho Chi Minh City_urls,an aerial view of a city with tall buildings and a river in the middle of the middle of the city
images/Ho Chi Minh City_urls/image_13.jpg,Ho Chi Minh City_urls,nighttime view of a city skyline with a body of water in the foreground and buildings in the background
images/Ho Chi Minh City_urls/image_12.jpg,Ho Chi Minh City_urls,there are many trees in the middle of the road in the middle of a city with tall buildings in the background
images/Ho Chi Minh City_urls/image_157.jpg,Ho Chi Minh City_urls,"there are many people walking down the street in the city at night, and many of them are sitting on stools"
images/Ho Chi Minh City_urls/image_143.jpg,Ho Chi Minh City_urls,nighttime view of a city skyline with a body of water in the foreground and skyscrapers in the background
images/Ho Chi Minh City_urls/image_194.jpg,Ho Chi Minh City_urls,"this is a map of china showing the location of the city of wuhan, and the location of the city of wuhan, and the location of the city of wuhan county of wuhan"
images/Ho Chi Minh City_urls/image_180.jpg,Ho Chi Minh City_urls,crowd of people in a crowded city street at night with neon signs on buildings and people walking on the sidewalk
images/Ho Chi Minh City_urls/image_196.jpg,Ho Chi Minh City_urls,an aerial view of a city with a lot of buildings and a lot of people walking around it
images/Ho Chi Minh City_urls/image_182.jpg,Ho Chi Minh City_urls,there is a statue of a man standing in front of a building with a flag on top of it
images/Ho Chi Minh City_urls/image_155.jpg,Ho Chi Minh City_urls,crowd of people walking down a city street at night with neon signs on buildings and people sitting on benches
images/Ho Chi Minh City_urls/image_141.jpg,Ho Chi Minh City_urls,there are many people walking down the street at night with their arms in the air and one person on a scooter
images/Ho Chi Minh City_urls/image_169.jpg,Ho Chi Minh City_urls,aerial view of a city at dusk with a river running through the middle of the city and a river running through the middle of the city
images/Ho Chi Minh City_urls/image_38.jpg,Ho Chi Minh City_urls,this is a map of the country of cambodia with all the major cities and major roads on it
images/Ho Chi Minh City_urls/image_10.jpg,Ho Chi Minh City_urls,night time view of a city square with a clock tower in the middle of the square and a fountain in the middle of the square
images/Ho Chi Minh City_urls/image_11.jpg,Ho Chi Minh City_urls,there is a fish eye view of a city with a river in the foreground and buildings on the other side of the river
images/Ho Chi Minh City_urls/image_39.jpg,Ho Chi Minh City_urls,there is a large building with a clock tower in the middle of a plaza at dusk with palm trees in the foreground
images/Ho Chi Minh City_urls/image_168.jpg,Ho Chi Minh City_urls,there are many motorcyclists riding down the street in a large number of cars and motorcycles
images/Ho Chi Minh City_urls/image_140.jpg,Ho Chi Minh City_urls,there is a courtyard with a fountain in the middle of it and a building in the back ground
images/Ho Chi Minh City_urls/image_154.jpg,Ho Chi Minh City_urls,nighttime view of a city skyline with a boat in the foreground and a body of water in the foreground
images/Ho Chi Minh City_urls/image_183.jpg,Ho Chi Minh City_urls,there is a large white building with a red roof and a clock tower on the top of it
images/Ho Chi Minh City_urls/image_197.jpg,Ho Chi Minh City_urls,an aerial view of a city with lots of tall buildings and a river in the middle of it
images/Ho Chi Minh City_urls/image_133.jpg,Ho Chi Minh City_urls,there is a statue of a man and a woman in front of a building with a clock tower
images/Ho Chi Minh City_urls/image_127.jpg,Ho Chi Minh City_urls,there is a boat that is floating in the water near a large city with skyscrapers in the background
images/Ho Chi Minh City_urls/image_76.jpg,Ho Chi Minh City_urls,"aerial view of cityscape at dusk, ho chi minh district, ho chi minh district, ho chi minh district, ho chi minh district, ho chi minh district, ho chi minh district, ho chi minh district, ho chi minh district, ho chi minh district, ho chi minh district, ho chi minh district, ho chi minh district, ho"
images/Ho Chi Minh City_urls/image_62.jpg,Ho Chi Minh City_urls,"the boutique hotel is located in the heart of the city, and is located on the corner of the street"
images/Ho Chi Minh City_urls/image_89.jpg,Ho Chi Minh City_urls,"ho chi minhh things you must do in ho chi minhh, ho chi minhh, ho chi minhh, ho chi minhh, ho chi minhh, ho chi minhh, ho chi minhh, ho chi minhh"
images/Ho Chi Minh City_urls/image_88.jpg,Ho Chi Minh City_urls,an aerial view of a city at night with a river running through it and a bridge in the foreground
images/Ho Chi Minh City_urls/image_63.jpg,Ho Chi Minh City_urls,there are many people walking down the street in the city on a sunny day with no one on the street
images/Ho Chi Minh City_urls/image_77.jpg,Ho Chi Minh City_urls,there is a large yellow building with many windows and balconies on the side of the building
images/Ho Chi Minh City_urls/image_126.jpg,Ho Chi Minh City_urls,an aerial view of a city with a river running through it and a bridge crossing over the river
images/Ho Chi Minh City_urls/image_132.jpg,Ho Chi Minh City_urls,there is a poster for a festival with a map of the city and a kite flying in the sky
images/Ho Chi Minh City_urls/image_118.jpg,Ho Chi Minh City_urls,there are many people walking down the street in a city area with trees on both sides of the street
images/Ho Chi Minh City_urls/image_124.jpg,Ho Chi Minh City_urls,there is a man riding a scooter in front of a building with a fountain in front of it
images/Ho Chi Minh City_urls/image_130.jpg,Ho Chi Minh City_urls,aerial view of a city skyline at dusk with a river in the foreground and a bridge in the foreground
images/Ho Chi Minh City_urls/image_61.jpg,Ho Chi Minh City_urls,there are many pictures of a street market at night with people walking and shopping on the sidewalk and on the street
images/Ho Chi Minh City_urls/image_75.jpg,Ho Chi Minh City_urls,there is a large body of water in the middle of a city with tall buildings on the other side of it
images/Ho Chi Minh City_urls/image_8.jpg,Ho Chi Minh City_urls,view of a city skyline at dusk with a river in the foreground and a body of water in the foreground
images/Ho Chi Minh City_urls/image_49.jpg,Ho Chi Minh City_urls,grassy area in front of skyscrapers with people sitting on benches in the foreground and palm trees in the foreground
images/Ho Chi Minh City_urls/image_48.jpg,Ho Chi Minh City_urls,there are many motorcyclists riding down the street in a crowded area of an asian city
images/Ho Chi Minh City_urls/image_9.jpg,Ho Chi Minh City_urls,there is a large building with a clock tower in the middle of the city at night with cars passing by
images/Ho Chi Minh City_urls/image_74.jpg,Ho Chi Minh City_urls,there is a large body of water with rocks in front of a cityscape and a body of water with rocks in the foreground
images/Ho Chi Minh City_urls/image_60.jpg,Ho Chi Minh City_urls,nighttime view of a city skyline over a body of water with a small island in the middle of the water
images/Ho Chi Minh City_urls/image_131.jpg,Ho Chi Minh City_urls,there are many people riding motorcycles down the street in the city on the street are tall buildings and many people are riding bikes
images/Ho Chi Minh City_urls/image_125.jpg,Ho Chi Minh City_urls,nighttime view of a city skyline with a body of water in the foreground and lights reflecting off of the water
images/Ho Chi Minh City_urls/image_119.jpg,Ho Chi Minh City_urls,an aerial view of a large building next to a body of water with a city in the background
images/Ho Chi Minh City_urls/image_121.jpg,Ho Chi Minh City_urls,there is a man that is standing in front of a building with a flag on top of it
images/Ho Chi Minh City_urls/image_135.jpg,Ho Chi Minh City_urls,there is a large body of water in the middle of a city with tall buildings in the background
images/Ho Chi Minh City_urls/image_109.jpg,Ho Chi Minh City_urls,aerial view of a city at dusk with a river running through the middle of the city and a tall building in the middle of the city
images/Ho Chi Minh City_urls/image_58.jpg,Ho Chi Minh City_urls,night time view of a busy city street with lots of cars and people in the middle of the street
images/Ho Chi Minh City_urls/image_64.jpg,Ho Chi Minh City_urls,an aerial view of a city at night with a lot of traffic in the foreground and buildings in the background
images/Ho Chi Minh City_urls/image_70.jpg,Ho Chi Minh City_urls,there are many people walking down the street at night in a crowded area with neon signs on the buildings
images/Ho Chi Minh City_urls/image_71.jpg,Ho Chi Minh City_urls,an aerial view of a city with a river in the foreground and a bridge in the foreground
images/Ho Chi Minh City_urls/image_65.jpg,Ho Chi Minh City_urls,there are many people walking down the street at night with lanterns hanging from the ceiling of the buildings
images/Ho Chi Minh City_urls/image_59.jpg,Ho Chi Minh City_urls,there are many people standing on the side of the street at night with balloons in front of them
images/Ho Chi Minh City_urls/image_108.jpg,Ho Chi Minh City_urls,there is a large building with a clock tower in the middle of a city street at night with a lot of people walking around it
images/Ho Chi Minh City_urls/image_134.jpg,Ho Chi Minh City_urls,there is a man riding a bike in front of a building with a sign on the side of it
images/Ho Chi Minh City_urls/image_120.jpg,Ho Chi Minh City_urls,an aerial view of a highway with a bridge over it and a city in the background with a text that reads infrastructure hocchwin city path to new heaven
images/Ho Chi Minh City_urls/image_136.jpg,Ho Chi Minh City_urls,aerial view of a river running through a city next to a large body of water in the middle of a city
images/Ho Chi Minh City_urls/image_122.jpg,Ho Chi Minh City_urls,there are a lot of people that are walking around in the street with dragon decorations on the street
images/Ho Chi Minh City_urls/image_73.jpg,Ho Chi Minh City_urls,there are many people walking down the street in a city with tall buildings and balconies on either side of the street
images/Ho Chi Minh City_urls/image_67.jpg,Ho Chi Minh City_urls,aerial view of a city skyline at dusk with a river in the foreground and a body of water in the foreground
images/Ho Chi Minh City_urls/image_98.jpg,Ho Chi Minh City_urls,"there are many different pictures of a city at night and in the middle of the picture, there is a building, a clock tower, and a motorcycle"
images/Ho Chi Minh City_urls/image_99.jpg,Ho Chi Minh City_urls,there are many palm trees in front of a building with a clock tower on the top of the building
images/Ho Chi Minh City_urls/image_66.jpg,Ho Chi Minh City_urls,there is a pond with water lilies in front of a building with a fountain in front of it
images/Ho Chi Minh City_urls/image_72.png,Ho Chi Minh City_urls,there is a picture of a video game with a person on a skateboard in the middle of the picture
images/Ho Chi Minh City_urls/image_123.jpg,Ho Chi Minh City_urls,this is a picture of a statue of a man in front of a building with a blue sky in the background
images/Ho Chi Minh City_urls/image_137.jpg,Ho Chi Minh City_urls,nighttime view of a city skyline with a river running through it and a bridge in the foreground
images/Ho Chi Minh City_urls/image_112.jpg,Ho Chi Minh City_urls,night view of a city skyline with a body of water in the foreground and skyscrapers in the background
images/Ho Chi Minh City_urls/image_106.jpg,Ho Chi Minh City_urls,an aerial view of a city with a river running through it and a bridge crossing over the water
images/Ho Chi Minh City_urls/image_57.jpg,Ho Chi Minh City_urls,there is a woman that is standing in front of a book store with many books on the shelves
images/Ho Chi Minh City_urls/image_2.jpg,Ho Chi Minh City_urls,aerial view of a city at night with a clock tower in the middle of the street and a street light in the middle of the street
images/Ho Chi Minh City_urls/image_43.jpg,Ho Chi Minh City_urls,there is a picture of a cityscape with the words ho chi minh city is not the capital of vietnam the capital is hanoi
images/Ho Chi Minh City_urls/image_94.jpg,Ho Chi Minh City_urls,there are many people riding motorcycles down a busy street in the middle of a busy area of the city
images/Ho Chi Minh City_urls/image_80.jpg,Ho Chi Minh City_urls,there is a red double decker bus driving down the street in front of a tall building with a clock tower
images/Ho Chi Minh City_urls/image_81.jpg,Ho Chi Minh City_urls,this is an image of a travel brochure with a picture of a city and a church
images/Ho Chi Minh City_urls/image_95.jpg,Ho Chi Minh City_urls,aerial view of a city at night with the lights of cars on the road and buildings in the background
images/Ho Chi Minh City_urls/image_42.jpg,Ho Chi Minh City_urls,there are many people riding motorcycles down the street in the city on a busy street with buildings on both sides of the street and a traffic light on the other side of the street
images/Ho Chi Minh City_urls/image_56.jpg,Ho Chi Minh City_urls,aerial view of a city at night with a river in the foreground and a large body of water in the foreground
images/Ho Chi Minh City_urls/image_3.jpg,Ho Chi Minh City_urls,an aerial view of a building with a swimming pool in the middle of a city with tall buildings in the background
images/Ho Chi Minh City_urls/image_107.jpg,Ho Chi Minh City_urls,night time view of a city with skyscrapers and a clock tower in the middle of the city
images/Ho Chi Minh City_urls/image_113.jpg,Ho Chi Minh City_urls,there is a large body of water in the middle of a city with tall buildings in the background
images/Ho Chi Minh City_urls/image_139.jpg,Ho Chi Minh City_urls,"an aerial view of a city with tall buildings, trees, and a church in the middle of the city"
images/Ho Chi Minh City_urls/image_105.jpg,Ho Chi Minh City_urls,there is a view of a city skyline from across a body of water with a boat in the foreground
images/Ho Chi Minh City_urls/image_111.jpg,Ho Chi Minh City_urls,an aerial view of a city with lots of tall buildings and a highway in the middle of it
images/Ho Chi Minh City_urls/image_40.jpg,Ho Chi Minh City_urls,an aerial view of a large building with a fountain in front of it and a crowd of people walking around it
images/Ho Chi Minh City_urls/image_1.jpg,Ho Chi Minh City_urls,there are many tables and chairs on the side of the street in a city with trees lining both sides of the street
images/Ho Chi Minh City_urls/image_54.jpg,Ho Chi Minh City_urls,there is a large body of water in the middle of a city with a boat in the middle of it
images/Ho Chi Minh City_urls/image_68.jpg,Ho Chi Minh City_urls,aerial view of a city with a lot of tall buildings and a clock tower in the middle of the city
images/Ho Chi Minh City_urls/image_83.jpg,Ho Chi Minh City_urls,an aerial view of a city at sunset with the sun setting over the buildings and a river in the foreground
images/Ho Chi Minh City_urls/image_97.jpg,Ho Chi Minh City_urls,there is a large body of water in the middle of a city with tall buildings in the background
images/Ho Chi Minh City_urls/image_96.jpg,Ho Chi Minh City_urls,there is a woman in a red dress and a white hat standing in front of a clock tower
images/Ho Chi Minh City_urls/image_82.jpg,Ho Chi Minh City_urls,"looking through a magnifying glass at a map of ho chi minh city, ho chi minh city, ho chi minh city, ho chi minh city population, ho chi minh city, ho chi minh city, ho chi minh city, ho chi minh city, ho chi minh, vietnam"
images/Ho Chi Minh City_urls/image_69.jpg,Ho Chi Minh City_urls,there is a large building with a red roof in the middle of a city with tall buildings in the background
images/Ho Chi Minh City_urls/image_0.jpg,Ho Chi Minh City_urls,"an aerial view of a city with tall buildings, trees, and a street in the foreground"
images/Ho Chi Minh City_urls/image_55.jpg,Ho Chi Minh City_urls,aerial view of a city skyline at dusk with a river in the foreground and a skyscraper in the distance
images/Ho Chi Minh City_urls/image_41.jpg,Ho Chi Minh City_urls,aerial view of a city skyline at dusk with a river in the foreground and boats in the foreground
images/Ho Chi Minh City_urls/image_110.jpg,Ho Chi Minh City_urls,there are four different pictures of a city with a clock tower and a clock tower in the middle of the picture
images/Ho Chi Minh City_urls/image_104.jpg,Ho Chi Minh City_urls,there is a very tall building with a lot of windows on the side of it and a car parked in front of it
images/Ho Chi Minh City_urls/image_138.jpg,Ho Chi Minh City_urls,this is a map of a city with a lot of buildings and a lot of people on it
images/Ho Chi Minh City_urls/image_100.jpg,Ho Chi Minh City_urls,an aerial view of a city with a river in the foreground and a bridge in the foreground
images/Ho Chi Minh City_urls/image_114.jpg,Ho Chi Minh City_urls,this is a map of the area where you can find all of london ' s boroughss and boroughss
images/Ho Chi Minh City_urls/image_128.jpg,Ho Chi Minh City_urls,there is a large body of water with a city in the background and the words ho chi minh on it
images/Ho Chi Minh City_urls/image_79.jpg,Ho Chi Minh City_urls,an aerial view of a city with a sunset in the background and a text overlay that reads 10 things to do in ho chi minh city
images/Ho Chi Minh City_urls/image_45.jpg,Ho Chi Minh City_urls,there is a river running through the middle of a city with buildings on both sides and a bridge in the middle of the river
images/Ho Chi Minh City_urls/image_51.jpg,Ho Chi Minh City_urls,brightly lit city skyline at night reflected in the water of a lake in front of a dark sky
images/Ho Chi Minh City_urls/image_4.jpg,Ho Chi Minh City_urls,aerial view of a cityscape with a church in the foreground and trees in the foreground
images/Ho Chi Minh City_urls/image_86.jpg,Ho Chi Minh City_urls,there is a collage of pictures of a city and a person on a bike in the middle of the picture
images/Ho Chi Minh City_urls/image_92.jpg,Ho Chi Minh City_urls,nighttime view of a large city with a lot of tall buildings and a body of water in the foreground
images/Ho Chi Minh City_urls/image_93.jpg,Ho Chi Minh City_urls,there is a view of a city from the roof of a building in the distance is a blue sky with white clouds
images/Ho Chi Minh City_urls/image_87.jpg,Ho Chi Minh City_urls,aerial view of a city skyline at dusk with a river in the foreground and a bridge in the foreground
images/Ho Chi Minh City_urls/image_50.jpg,Ho Chi Minh City_urls,there are a lot of birds flying in the sky above a church and a person riding a bike
images/Ho Chi Minh City_urls/image_5.jpg,Ho Chi Minh City_urls,there is a large building with a clock tower in the middle of a park with flowers and trees
images/Ho Chi Minh City_urls/image_44.jpg,Ho Chi Minh City_urls,an aerial view of a city at dusk with a river running through the middle of the city and a large body of water in the foreground
images/Ho Chi Minh City_urls/image_78.jpg,Ho Chi Minh City_urls,there is a statue of a man holding a red flag in front of a building with a clock tower in the background
images/Ho Chi Minh City_urls/image_129.jpg,Ho Chi Minh City_urls,there is a woman riding a bike down the street with a basket on the back of her basket
images/Ho Chi Minh City_urls/image_115.jpg,Ho Chi Minh City_urls,"ho chi minh city to hanoi, ho chi minh city to hanoi, ho chi minh city to hanoi, ho chi minh city to hanoi"
images/Ho Chi Minh City_urls/image_101.jpg,Ho Chi Minh City_urls,there is a blurry photo of a city street at night with tall buildings and a clock tower in the background
images/Ho Chi Minh City_urls/image_117.jpg,Ho Chi Minh City_urls,aerial view of a city with lots of tall buildings and lots of tall buildings in the middle of the city
images/Ho Chi Minh City_urls/image_103.jpg,Ho Chi Minh City_urls,there are many people walking down the street with umbrellas on a rainy day in the city at night
images/Ho Chi Minh City_urls/image_7.jpg,Ho Chi Minh City_urls,there is a view of a city from the top of a tall building at sunset with a river in the foreground
images/Ho Chi Minh City_urls/image_52.jpg,Ho Chi Minh City_urls,aerial view of a city with a river running through it and a bridge in the middle of the picture
images/Ho Chi Minh City_urls/image_46.jpg,Ho Chi Minh City_urls,there are many boats in the water near a beach with a mountain in the background and a city in the foreground
images/Ho Chi Minh City_urls/image_91.jpg,Ho Chi Minh City_urls,there are two pictures of people riding motorcycles on the street and a man on a motorbike on the street
images/Ho Chi Minh City_urls/image_85.jpg,Ho Chi Minh City_urls,an aerial view of a city at night with a river running through it and a bridge in the foreground
images/Ho Chi Minh City_urls/image_84.jpg,Ho Chi Minh City_urls,"night time picture of ho chi minh city on a budget, ho chi minh city on a budget, ho chi minh city on a budget, ho chi minh city on a budget, ho chi minh city on a budget, ho chi minh, ho chi minh city on a budget, ho chi minh"
images/Ho Chi Minh City_urls/image_90.jpg,Ho Chi Minh City_urls,there is a statue of a man standing in front of a building with a flag on top of it
images/Ho Chi Minh City_urls/image_47.jpg,Ho Chi Minh City_urls,there are a lot of buildings that are on the side of a hill with a lot of balconies on the side of the hill
images/Ho Chi Minh City_urls/image_6.jpg,Ho Chi Minh City_urls,there is a statue of a man holding a red flag in front of a building with a clock tower in the background
images/Ho Chi Minh City_urls/image_53.jpg,Ho Chi Minh City_urls,there is a large body of water in the middle of a city with tall buildings in the background
images/Ho Chi Minh City_urls/image_102.jpg,Ho Chi Minh City_urls,aerial view of a city with lots of tall buildings and a body of water with boats in it
images/Ho Chi Minh City_urls/image_116.jpg,Ho Chi Minh City_urls,nighttime view of a large city with a lot of tall buildings and a body of water in the foreground
images/Ho Chi Minh City_urls/image_159.jpg,Ho Chi Minh City_urls,this is a picture of a city street with a clock tower in the middle of it and the words different names of san francisco city you might not know
images/Ho Chi Minh City_urls/image_171.jpg,Ho Chi Minh City_urls,"aerial view of the city of ho chi minh, vietnam at dusk, with a river running through the middle of the city"
images/Ho Chi Minh City_urls/image_165.jpg,Ho Chi Minh City_urls,"there are many people walking and riding on the train tracks in the city at night, there are many people riding on the train tracks in the city at night"
images/Ho Chi Minh City_urls/image_34.jpg,Ho Chi Minh City_urls,there are two pictures of a man standing in front of a building and a picture of a man standing in front of a building
images/Ho Chi Minh City_urls/image_20.jpg,Ho Chi Minh City_urls,there are many people waiting for the train to arrive at the station and wait for the next train to arrive
images/Ho Chi Minh City_urls/image_21.jpg,Ho Chi Minh City_urls,there is a large building that is lit up at night with a clock on the front of it
images/Ho Chi Minh City_urls/image_35.jpg,Ho Chi Minh City_urls,there are two people walking down a narrow street with umbrellas on the side of the street and buildings on the other side of the street
images/Ho Chi Minh City_urls/image_164.jpg,Ho Chi Minh City_urls,there is a large yellow building with many windows and balconies on the top of the building
images/Ho Chi Minh City_urls/image_170.jpg,Ho Chi Minh City_urls,there is a view of a city skyline with a bridge and a river in the foreground at dusk
images/Ho Chi Minh City_urls/image_158.jpg,Ho Chi Minh City_urls,there are many people riding motorcycles in front of a building with a clock on the front of it
images/Ho Chi Minh City_urls/image_199.jpg,Ho Chi Minh City_urls,aerial view of the city of ho chi minh with a river in the foreground and tall buildings in the background
images/Ho Chi Minh City_urls/image_166.jpg,Ho Chi Minh City_urls,there are two double decker buses that are parked in front of a building on a street in front of a building
images/Ho Chi Minh City_urls/image_172.jpg,Ho Chi Minh City_urls,there are many birds that are standing in the middle of the street in front of a large building
images/Ho Chi Minh City_urls/image_23.jpg,Ho Chi Minh City_urls,an aerial view of a large city with lots of tall buildings and a river in the foreground
images/Ho Chi Minh City_urls/image_37.jpg,Ho Chi Minh City_urls,business opportunity ho chi minhh city is a top destination for launching business in ho chi minhh city is a top destination for launching business in ho chi minhh
images/Ho Chi Minh City_urls/image_36.jpg,Ho Chi Minh City_urls,"there are many people that are walking down the street in the city at night, some are on scooters and some are on scooters"
images/Ho Chi Minh City_urls/image_22.jpg,Ho Chi Minh City_urls,there is a blurry image of a city at night with the words ho chi minh city written on it
images/Ho Chi Minh City_urls/image_173.jpg,Ho Chi Minh City_urls,"ho chi minhh city, ho chi minhh city, ho chi minhh city, ho chi minhh city, ho chi minhh city, ho chi minhh city, ho chi minhh city, ho chi minhh city, ho chi minhh, ho chi minhh, ho chi minhh, ho chi minhh"
images/Ho Chi Minh City_urls/image_167.jpg,Ho Chi Minh City_urls,this is a picture of a large building with a clock on the front of it ' s tower
images/Ho Chi Minh City_urls/image_198.jpg,Ho Chi Minh City_urls,there is a statue of a man holding a red flag in front of a building with a clock tower in the background
images/Ho Chi Minh City_urls/image_188.jpg,Ho Chi Minh City_urls,view of a city at night with a river running through it and a bridge in the foreground
images/Ho Chi Minh City_urls/image_163.jpg,Ho Chi Minh City_urls,there is a view of a city from a bird ' s - eye view of a church in the middle of the city
images/Ho Chi Minh City_urls/image_177.jpg,Ho Chi Minh City_urls,there is a water fountain in front of a large building with a clock tower on top of it
images/Ho Chi Minh City_urls/image_26.jpg,Ho Chi Minh City_urls,aerial view of a city at night with skyscrapers and a body of water in the foreground
images/Ho Chi Minh City_urls/image_32.jpg,Ho Chi Minh City_urls,nighttime view of a city skyline with a body of water in the foreground and a body of water in the foreground
images/Ho Chi Minh City_urls/image_33.jpg,Ho Chi Minh City_urls,there are many tall buildings on the side of the road with people walking on the sidewalk in front of them
images/Ho Chi Minh City_urls/image_27.jpg,Ho Chi Minh City_urls,this is a map of the country of vietnam with a red pin in the middle of the map
images/Ho Chi Minh City_urls/image_176.jpg,Ho Chi Minh City_urls,this is an image of a store filled with lots of toys and other things to buy at the store
images/Ho Chi Minh City_urls/image_162.jpg,Ho Chi Minh City_urls,night time view of a city with a river and a bridge in the foreground and a river in the foreground
images/Ho Chi Minh City_urls/image_189.jpg,Ho Chi Minh City_urls,brightly lit buildings in a city at night with people walking on the sidewalk and trees in the foreground
images/Ho Chi Minh City_urls/image_174.jpg,Ho Chi Minh City_urls,an aerial view of a city with a river in the foreground and a bridge in the foreground
images/Ho Chi Minh City_urls/image_160.jpg,Ho Chi Minh City_urls,people are riding scooters on a city street at night in a busy area of the city
images/Ho Chi Minh City_urls/image_148.jpg,Ho Chi Minh City_urls,trees and flowers in front of a church with a blue sky in the background and a few pink flowers in the foreground
images/Ho Chi Minh City_urls/image_19.jpg,Ho Chi Minh City_urls,there are many people walking down the street under a neon sign that says the city of funview
images/Ho Chi Minh City_urls/image_31.jpg,Ho Chi Minh City_urls,there is a very large building with a lot of windows and a lot of people walking around it
images/Ho Chi Minh City_urls/image_25.jpg,Ho Chi Minh City_urls,this is an aerial view of a cityscape with a clock tower in the middle of it
images/Ho Chi Minh City_urls/image_24.jpg,Ho Chi Minh City_urls,there are many motorcycles parked on the side of the road in the middle of a street lined with tall buildings
images/Ho Chi Minh City_urls/image_30.jpg,Ho Chi Minh City_urls,this is a picture of a picture of a city from a bird ' s - eye view of a beach
images/Ho Chi Minh City_urls/image_18.jpg,Ho Chi Minh City_urls,an aerial view of a city skyline at night with a church in the middle of the foreground
images/Ho Chi Minh City_urls/image_149.jpg,Ho Chi Minh City_urls,there is a map of the country of vietnam with a red pin in the middle of the map
images/Ho Chi Minh City_urls/image_161.jpg,Ho Chi Minh City_urls,there are many people riding motorcycles down the street in this crowded area of a busy area of the city
images/Ho Chi Minh City_urls/image_175.jpg,Ho Chi Minh City_urls,night time view of a busy city street with a lot of traffic in the foreground and tall buildings in the background
